CONSTRUCTOR_NAME;DRIVERID;DRIVER_NAME;DRIVER_NATIONALITY;ROUND;SEASON;CUIRCIT;CIRCUIT_NAME;LOCATION;COUNTRY;GRID;POSITION;STATUS;POINTS;LAPS;TIME;TIME_IN_MILLISECONDS;Q1_IN_MILLISECONDS;Q2_IN_MILLISECONDS;Q3_IN_MILLISECONDS;PIT_COUNT;AVG_PIT_DURATION;TOTAL_PIT_TIME
McLaren;1;Lewis Hamilton;British;1;2011;1;Albert Park Grand Prix Circuit;Melbourne;Australia;2;2;Finished;18.0;58;+22.297;5392556;1884000;2035000;1747000;2;23.213;46.426
McLaren;18;Jenson Button;British;1;2011;1;Albert Park Grand Prix Circuit;Melbourne;Australia;4;6;Finished;8.0;58;+54.304;5424563;2386000;2397000;2219000;3;20.9503;62.851
McLaren;18;Jenson Button;British;2;2011;2;Sepang International Circuit;Kuala Lumpur;Malaysia;4;2;Finished;18.0;56;+3.261;5863093;2253000;2669000;2300000;3;22.4513;67.354
McLaren;1;Lewis Hamilton;British;2;2011;2;Sepang International Circuit;Kuala Lumpur;Malaysia;2;8;Finished;4.0;56;+1:09.957;5929789;3021000;2952000;3014000;4;23.2527;93.011
McLaren;1;Lewis Hamilton;British;3;2011;17;Shanghai International Circuit;Shanghai;China;3;1;Finished;25.0;56;1:36:58.226;5818226;2251000;2526000;2503000;3;20.6593;61.978
McLaren;18;Jenson Button;British;3;2011;17;Shanghai International Circuit;Shanghai;China;2;4;Finished;12.0;56;+10.000;5828226;3024000;2702000;2461000;3;21.9247;65.774
McLaren;1;Lewis Hamilton;British;4;2011;5;Istanbul Park;Istanbul;Turkey;4;4;Finished;12.0;58;+40.232;5457790;1711000;1626000;2095000;4;24.9093;99.637
McLaren;18;Jenson Button;British;4;2011;5;Istanbul Park;Istanbul;Turkey;6;6;Finished;8.0;58;+59.431;5476989;1994000;2045000;2482000;3;21.808;65.424
McLaren;1;Lewis Hamilton;British;5;2011;4;Circuit de Barcelona-Catalunya;Montmeló;Spain;3;2;Finished;18.0;66;+0.630;5943931;1810000;1468000;2221000;4;20.3642;81.457
McLaren;18;Jenson Button;British;5;2011;4;Circuit de Barcelona-Catalunya;Montmeló;Spain;5;3;Finished;15.0;66;+35.697;5978998;1868000;1370000;2256000;3;20.295;60.885
McLaren;18;Jenson Button;British;6;2011;6;Circuit de Monaco;Monte-Carlo;Monaco;2;3;Finished;15.0;78;+2.378;7780751;1297000;1385000;1777000;3;25.457;76.371
McLaren;1;Lewis Hamilton;British;6;2011;6;Circuit de Monaco;Monte-Carlo;Monaco;9;6;Finished;8.0;78;+27.210;7805583;1107000;1115000;1180000;3;25.923;77.769
McLaren;18;Jenson Button;British;7;2011;7;Circuit Gilles Villeneuve;Montreal;Canada;7;1;Finished;25.0;70;4:04:39.537;14679537;1214000;1735000;1618000;6;23.5112;141.067
McLaren;1;Lewis Hamilton;British;8;2011;12;Valencia Street Circuit;Valencia;Spain;3;4;Finished;12.0;57;+46.190;6022359;2584000;2947000;2600000;3;20.529;61.587
McLaren;18;Jenson Button;British;8;2011;12;Valencia Street Circuit;Valencia;Spain;6;6;Finished;8.0;57;+1:00.065;6036234;2793000;2969000;2865000;3;20.6003;61.801
McLaren;1;Lewis Hamilton;British;9;2011;9;Silverstone Circuit;Silverstone;UK;10;4;Finished;12.0;52;+28.986;5350182;2561000;2425000;2296000;3;24.1683;72.505
McLaren;1;Lewis Hamilton;British;10;2011;20;Nürburgring;Nürburg;Germany;2;1;Finished;25.0;60;1:37:30.334;5850334;2854000;2798000;1934000;3;20.627;61.881
McLaren;18;Jenson Button;British;11;2011;11;Hungaroring;Budapest;Hungary;3;1;Finished;25.0;70;1:46:42.337;6402337;1358000;1778000;1224000;3;20.9657;62.897
McLaren;1;Lewis Hamilton;British;11;2011;11;Hungaroring;Budapest;Hungary;2;4;Finished;12.0;70;+48.338;6450675;1896000;1365000;2118000;6;19.8667;119.2
McLaren;18;Jenson Button;British;12;2011;13;Circuit de Spa-Francorchamps;Spa;Belgium;13;3;Finished;15.0;44;+9.669;5214562;873000;450000;;3;23.1473;69.442
McLaren;18;Jenson Button;British;13;2011;14;Autodromo Nazionale di Monza;Monza;Italy;3;2;Finished;18.0;53;+9.590;4855762;1453000;1411000;2097000;2;21.8775;43.755
McLaren;1;Lewis Hamilton;British;13;2011;14;Autodromo Nazionale di Monza;Monza;Italy;2;4;Finished;12.0;53;+17.417;4863589;2356000;1552000;2045000;2;21.9795;43.959
McLaren;18;Jenson Button;British;14;2011;15;Marina Bay Street Circuit;Marina Bay;Singapore;3;2;Finished;18.0;61;+1.737;7148494;3716000;3172000;3444000;3;30.1317;90.395
McLaren;1;Lewis Hamilton;British;14;2011;15;Marina Bay Street Circuit;Marina Bay;Singapore;4;5;Finished;10.0;61;+1:07.766;7214523;2834000;3589000;3449000;5;29.7044;148.522
McLaren;18;Jenson Button;British;15;2011;22;Suzuka Circuit;Suzuka;Japan;2;1;Finished;25.0;53;1:30:53.427;5453427;2867000;2294000;2275000;3;20.935;62.805
McLaren;1;Lewis Hamilton;British;15;2011;22;Suzuka Circuit;Suzuka;Japan;3;5;Finished;10.0;53;+24.268;5477695;2763000;1999000;2417000;3;21.7347;65.204
McLaren;1;Lewis Hamilton;British;16;2011;35;Korean International Circuit;Yeongam County;Korea;1;2;Finished;18.0;55;+12.019;5894013;2745000;2686000;2920000;2;20.715;41.43
McLaren;18;Jenson Button;British;16;2011;35;Korean International Circuit;Yeongam County;Korea;3;4;Finished;12.0;55;+14.694;5896688;3149000;2522000;2286000;2;20.762;41.524
McLaren;18;Jenson Button;British;17;2011;68;Buddh International Circuit;Uttar Pradesh;India;4;2;Finished;18.0;60;+8.433;5443435;1785000;1799000;2390000;2;21.465;42.93
McLaren;1;Lewis Hamilton;British;17;2011;68;Buddh International Circuit;Uttar Pradesh;India;5;7;Finished;6.0;60;+1:24.183;5519185;2123000;1519000;1914000;3;23.965;71.895
McLaren;1;Lewis Hamilton;British;18;2011;24;Yas Marina Circuit;Abu Dhabi;UAE;2;1;Finished;25.0;55;1:37:11.886;5831886;3122000;2714000;2902000;2;19.3945;38.789
McLaren;18;Jenson Button;British;18;2011;24;Yas Marina Circuit;Abu Dhabi;UAE;3;3;Finished;15.0;55;+25.881;5857767;2627000;2437000;2911000;2;20.6045;41.209
McLaren;18;Jenson Button;British;19;2011;18;Autódromo José Carlos Pace;São Paulo;Brazil;3;3;Finished;15.0;71;+27.638;5565102;1061000;1540000;1003000;3;21.542;64.626
McLaren;18;Jenson Button;British;1;2012;1;Albert Park Grand Prix Circuit;Melbourne;Australia;2;1;Finished;25.0;58;1:34:09.565;5649565;2392000;2163000;1574000;2;23.056;46.112
McLaren;1;Lewis Hamilton;British;1;2012;1;Albert Park Grand Prix Circuit;Melbourne;Australia;1;3;Finished;15.0;58;+4.075;5653640;2360000;2126000;2362000;2;23.163;46.326
McLaren;1;Lewis Hamilton;British;2;2012;2;Sepang International Circuit;Kuala Lumpur;Malaysia;1;3;Finished;15.0;56;+14.591;9906403;3033000;2326000;2379000;3;26.19;78.57
McLaren;18;Jenson Button;British;2;2012;2;Sepang International Circuit;Kuala Lumpur;Malaysia;2;14;Finished;0.0;56;+1:19.719;9971531;2795000;3088000;2528000;5;26.746;133.73
McLaren;18;Jenson Button;British;3;2012;17;Shanghai International Circuit;Shanghai;China;5;2;Finished;18.0;56;+20.626;5807555;2906000;3042000;2351000;3;22.5517;67.655
McLaren;1;Lewis Hamilton;British;3;2012;17;Shanghai International Circuit;Shanghai;China;7;3;Finished;15.0;56;+26.012;5812941;2923000;3002000;2726000;3;20.5903;61.771
McLaren;1;Lewis Hamilton;British;4;2012;3;Bahrain International Circuit;Sakhir;Bahrain;2;8;Finished;4.0;57;+58.984;5769974;2853000;2189000;2440000;3;27.553;82.659
McLaren;1;Lewis Hamilton;British;5;2012;4;Circuit de Barcelona-Catalunya;Montmeló;Spain;24;8;Finished;4.0;66;+1:18.140;6027285;1903000;1785000;1967000;2;20.9715;41.943
McLaren;18;Jenson Button;British;5;2012;4;Circuit de Barcelona-Catalunya;Montmeló;Spain;10;9;Finished;2.0;66;+1:25.246;6034391;1890000;2264000;;3;20.4273;61.282
McLaren;1;Lewis Hamilton;British;6;2012;6;Circuit de Monaco;Monte-Carlo;Monaco;3;5;Finished;10.0;78;+4.101;6370658;1023000;1066000;1423000;1;25.748;25.748
McLaren;1;Lewis Hamilton;British;7;2012;7;Circuit Gilles Villeneuve;Montreal;Canada;2;1;Finished;25.0;70;1:32:29.586;5549586;1731000;1211000;927000;2;21.9525;43.905
McLaren;18;Jenson Button;British;8;2012;12;Valencia Street Circuit;Valencia;Spain;9;8;Finished;4.0;57;+24.653;6281302;2962000;2843000;3081000;2;19.943;39.886
McLaren;1;Lewis Hamilton;British;9;2012;9;Silverstone Circuit;Silverstone;UK;8;8;Finished;4.0;52;+36.463;5147751;3253000;4137000;3723000;2;24.7505;49.501
McLaren;18;Jenson Button;British;9;2012;9;Silverstone Circuit;Silverstone;UK;16;10;Finished;1.0;52;+44.444;5155732;2924000;;;2;24.95;49.9
McLaren;18;Jenson Button;British;10;2012;10;Hockenheimring;Hockenheim;Germany;6;2;Finished;18.0;67;+6.949;5472811;1467000;2939000;2753000;2;17.349;34.698
McLaren;1;Lewis Hamilton;British;11;2012;11;Hungaroring;Budapest;Hungary;1;1;Finished;25.0;69;1:41:05.503;6065503;2054000;1320000;2153000;2;19.7475;39.495
McLaren;18;Jenson Button;British;11;2012;11;Hungaroring;Budapest;Hungary;4;6;Finished;8.0;69;+30.243;6095746;1348000;1878000;1843000;3;19.6153;58.846
McLaren;18;Jenson Button;British;12;2012;13;Circuit de Spa-Francorchamps;Spa;Belgium;1;1;Finished;25.0;44;1:29:08.530;5348530;3190000;3474000;3393000;1;19.668;19.668
McLaren;1;Lewis Hamilton;British;13;2012;14;Autodromo Nazionale di Monza;Monza;Italy;1;1;Finished;25.0;53;1:19:41.221;4781221;1651000;1834000;1450000;1;20.736;20.736
McLaren;18;Jenson Button;British;14;2012;15;Marina Bay Street Circuit;Marina Bay;Singapore;4;2;Finished;18.0;59;+8.959;7235103;3321000;3481000;3699000;2;29.8405;59.681
McLaren;18;Jenson Button;British;15;2012;22;Suzuka Circuit;Suzuka;Japan;8;4;Finished;12.0;53;+25.098;5361340;2057000;2632000;2150000;2;20.666;41.332
McLaren;1;Lewis Hamilton;British;15;2012;22;Suzuka Circuit;Suzuka;Japan;9;5;Finished;10.0;53;+46.490;5382732;2041000;2041000;2247000;2;20.471;40.942
McLaren;1;Lewis Hamilton;British;16;2012;35;Korean International Circuit;Yeongam County;Korea;3;10;Finished;1.0;55;+79.692;5868343;2520000;2280000;2689000;3;19.954;59.862
McLaren;1;Lewis Hamilton;British;17;2012;68;Buddh International Circuit;Uttar Pradesh;India;3;4;Finished;12.0;60;+13.909;5484653;2076000;2316000;2044000;1;20.852;20.852
McLaren;18;Jenson Button;British;17;2012;68;Buddh International Circuit;Uttar Pradesh;India;4;5;Finished;10.0;60;+26.266;5497010;2124000;1967000;2159000;1;21.509;21.509
McLaren;18;Jenson Button;British;18;2012;24;Yas Marina Circuit;Abu Dhabi;UAE;5;4;Finished;12.0;55;+7.787;6366454;2862000;3333000;2750000;1;19.455;19.455
McLaren;1;Lewis Hamilton;British;19;2012;69;Circuit of the Americas;Austin;USA;2;1;Finished;25.0;56;1:35:55.269;5755269;2278000;2955000;2866000;1;20.814;20.814
McLaren;18;Jenson Button;British;19;2012;69;Circuit of the Americas;Austin;USA;12;5;Finished;10.0;56;+56.432;5811701;2785000;2836000;;1;21.445;21.445
McLaren;18;Jenson Button;British;20;2012;18;Autódromo José Carlos Pace;São Paulo;Brazil;2;1;Finished;25.0;71;1:45:22.656;6322656;1356000;1295000;1233000;2;21.503;43.006
McLaren;18;Jenson Button;British;1;2013;1;Albert Park Grand Prix Circuit;Melbourne;Australia;10;9;Finished;2.0;58;+1:21.630;5484855;3328000;2804000;2157000;3;22.4637;67.391
McLaren;815;Sergio Perez;Mexican;1;2013;1;Albert Park Grand Prix Circuit;Melbourne;Australia;15;11;Finished;0.0;58;+1:23.367;5486592;3040000;3240000;;3;22.462;67.386
McLaren;815;Sergio Perez;Mexican;2;2013;2;Sepang International Circuit;Kuala Lumpur;Malaysia;9;9;Finished;2.0;56;+1:12.357;6009038;2922000;2562000;3376000;4;21.2952;85.181
McLaren;18;Jenson Button;British;3;2013;17;Shanghai International Circuit;Shanghai;China;8;5;Finished;10.0;56;+35.285;5822230;2827000;2884000;973000;2;19.88;39.76
McLaren;815;Sergio Perez;Mexican;3;2013;17;Shanghai International Circuit;Shanghai;China;12;11;Finished;0.0;56;+1:03.860;5850805;3112000;2474000;;2;20.111;40.222
McLaren;815;Sergio Perez;Mexican;4;2013;3;Bahrain International Circuit;Sakhir;Bahrain;12;6;Finished;8.0;57;+35.998;5796496;2350000;2894000;;3;21.317;63.951
McLaren;18;Jenson Button;British;4;2013;3;Bahrain International Circuit;Sakhir;Bahrain;10;10;Finished;1.0;57;+46.631;5807129;2111000;2682000;;4;21.9782;87.913
McLaren;18;Jenson Button;British;5;2013;4;Circuit de Barcelona-Catalunya;Montmeló;Spain;14;8;Finished;4.0;66;+1:19.506;6036102;1546000;1675000;;3;19.0987;57.296
McLaren;815;Sergio Perez;Mexican;5;2013;4;Circuit de Barcelona-Catalunya;Montmeló;Spain;8;9;Finished;2.0;66;+1:21.738;6038334;1496000;2050000;1389000;4;19.9217;79.687
McLaren;18;Jenson Button;British;6;2013;6;Circuit de Monaco;Monte-Carlo;Monaco;9;6;Finished;8.0;78;+23.103;8295159;2124000;1440000;1547000;1;24.585;24.585
McLaren;18;Jenson Button;British;8;2013;9;Silverstone Circuit;Silverstone;UK;10;13;Finished;0.0;52;+25.969;5605425;2839000;2509000;;2;24.551;49.102
McLaren;18;Jenson Button;British;9;2013;20;Nürburgring;Nürburg;Germany;9;6;Finished;8.0;60;+27.996;6102707;2041000;2069000;;2;20.252;40.504
McLaren;815;Sergio Perez;Mexican;9;2013;20;Nürburgring;Nürburg;Germany;13;8;Finished;4.0;60;+38.306;6113017;2358000;2733000;;2;20.4325;40.865
McLaren;18;Jenson Button;British;10;2013;11;Hungaroring;Budapest;Hungary;13;7;Finished;6.0;70;+53.819;6203264;1391000;1977000;;2;22.3015;44.603
McLaren;18;Jenson Button;British;11;2013;13;Circuit de Spa-Francorchamps;Spa;Belgium;6;6;Finished;8.0;44;+40.794;5062990;361000;3521000;255000;2;22.891;45.782
McLaren;815;Sergio Perez;Mexican;11;2013;13;Circuit de Spa-Francorchamps;Spa;Belgium;13;11;Finished;0.0;44;+1:21.936;5104132;545000;3244000;;2;19.9875;39.975
McLaren;18;Jenson Button;British;12;2013;14;Autodromo Nazionale di Monza;Monza;Italy;9;10;Finished;1.0;53;+38.327;4751679;2179000;2003000;1955000;1;24.45;24.45
McLaren;815;Sergio Perez;Mexican;12;2013;14;Autodromo Nazionale di Monza;Monza;Italy;8;12;Finished;0.0;53;+39.765;4753117;2075000;2032000;1942000;1;25.933;25.933
McLaren;18;Jenson Button;British;13;2013;15;Marina Bay Street Circuit;Marina Bay;Singapore;8;7;Finished;6.0;61;+1:23.354;7236486;2709000;3137000;2922000;2;29.6845;59.369
McLaren;815;Sergio Perez;Mexican;13;2013;15;Marina Bay Street Circuit;Marina Bay;Singapore;14;8;Finished;4.0;61;+1:23.820;7236952;2864000;3392000;;2;29.0525;58.105
McLaren;18;Jenson Button;British;14;2013;35;Korean International Circuit;Yeongam County;Korea;11;8;Finished;4.0;55;+32.262;6225963;3162000;2645000;;2;26.447;52.894
McLaren;815;Sergio Perez;Mexican;14;2013;35;Korean International Circuit;Yeongam County;Korea;10;10;Finished;1.0;55;+35.155;6228856;2389000;2642000;;2;30.897;61.794
McLaren;18;Jenson Button;British;15;2013;22;Suzuka Circuit;Suzuka;Japan;10;9;Finished;2.0;53;+1:20.821;5290122;2526000;2698000;2687000;3;24.2767;72.83
McLaren;815;Sergio Perez;Mexican;16;2013;68;Buddh International Circuit;Uttar Pradesh;India;9;5;Finished;10.0;60;+43.829;5516016;1667000;1865000;1713000;2;24.2255;48.451
McLaren;815;Sergio Perez;Mexican;17;2013;24;Yas Marina Circuit;Abu Dhabi;UAE;8;9;Finished;2.0;55;+1:31.198;5977304;3147000;3212000;2528000;2;21.4365;42.873
McLaren;18;Jenson Button;British;17;2013;24;Yas Marina Circuit;Abu Dhabi;UAE;12;12;Finished;0.0;55;+1:43.767;5989873;3277000;2660000;;2;24.346;48.692
McLaren;815;Sergio Perez;Mexican;18;2013;69;Circuit of the Americas;Austin;USA;7;7;Finished;6.0;56;+46.692;6003840;2647000;2320000;2672000;1;23.808;23.808
McLaren;18;Jenson Button;British;18;2013;69;Circuit of the Americas;Austin;USA;15;10;Finished;1.0;56;+1:17.278;6034426;2868000;2497000;;1;24.589;24.589
McLaren;18;Jenson Button;British;19;2013;18;Autódromo José Carlos Pace;São Paulo;Brazil;14;4;Finished;12.0;71;+37.360;5593660;1958000;1988000;;2;23.267;46.534
McLaren;815;Sergio Perez;Mexican;19;2013;18;Autódromo José Carlos Pace;São Paulo;Brazil;19;6;Finished;8.0;71;+44.051;5600351;2301000;1949000;;2;22.494;44.988
McLaren;825;Kevin Magnussen;Danish;1;2014;1;Albert Park Grand Prix Circuit;Melbourne;Australia;4;2;Finished;18.0;57;+26.777;5605487;2749000;2827000;3445000;2;22.7115;45.423
McLaren;18;Jenson Button;British;1;2014;1;Albert Park Grand Prix Circuit;Melbourne;Australia;10;3;Finished;15.0;57;+30.027;5608737;2256000;3077000;;2;22.405;44.81
McLaren;18;Jenson Button;British;2;2014;2;Sepang International Circuit;Kuala Lumpur;Malaysia;10;6;Finished;8.0;56;+1:23.691;6109665;889000;870000;293000;3;24.7977;74.393
McLaren;18;Jenson Button;British;7;2014;7;Circuit Gilles Villeneuve;Montreal;Canada;9;4;Finished;12.0;70;+11.755;5964585;1591000;1174000;1142000;2;24.2715;48.543
McLaren;825;Kevin Magnussen;Danish;7;2014;7;Circuit Gilles Villeneuve;Montreal;Canada;12;9;Finished;2.0;70;+29.254;5982084;1406000;1270000;;2;23.693;47.386
McLaren;825;Kevin Magnussen;Danish;8;2014;70;Red Bull Ring;Spielberg;Austria;6;7;Finished;6.0;71;+32.031;5307007;681000;1013000;1055000;2;21.776;43.552
McLaren;18;Jenson Button;British;8;2014;70;Red Bull Ring;Spielberg;Austria;11;11;Finished;0.0;71;+50.966;5325942;852000;1320000;;2;21.3735;42.747
McLaren;18;Jenson Button;British;9;2014;9;Silverstone Circuit;Silverstone;UK;3;4;Finished;12.0;52;+47.390;8859484;3065000;2739000;2480000;1;28.645;28.645
McLaren;825;Kevin Magnussen;Danish;9;2014;9;Silverstone Circuit;Silverstone;UK;5;7;Finished;6.0;52;+1:02.563;8874657;3027000;2590000;2697000;1;28.745;28.745
McLaren;18;Jenson Button;British;10;2014;10;Hockenheimring;Hockenheim;Germany;11;8;Finished;4.0;67;+1:24.711;5707625;1505000;1273000;;3;20.247;60.741
McLaren;18;Jenson Button;British;11;2014;11;Hungaroring;Budapest;Hungary;7;10;Finished;1.0;70;+1:07.280;6852338;2172000;1942000;1734000;3;23.9183;71.755
McLaren;825;Kevin Magnussen;Danish;11;2014;11;Hungaroring;Budapest;Hungary;21;12;Finished;0.0;70;+1:18.465;6863523;2138000;2025000;;2;22.679;45.358
McLaren;18;Jenson Button;British;12;2014;13;Circuit de Spa-Francorchamps;Spa;Belgium;10;6;Finished;8.0;44;+54.580;5131136;1129000;812000;1316000;2;22.694;45.388
McLaren;825;Kevin Magnussen;Danish;12;2014;13;Circuit de Spa-Francorchamps;Spa;Belgium;7;12;Finished;0.0;44;+1:14.262;5150818;741000;1381000;1159000;2;22.7645;45.529
McLaren;18;Jenson Button;British;13;2014;14;Autodromo Nazionale di Monza;Monza;Italy;6;8;Finished;4.0;53;+1:03.063;4813299;1888000;2130000;1879000;1;24.669;24.669
McLaren;825;Kevin Magnussen;Danish;13;2014;14;Autodromo Nazionale di Monza;Monza;Italy;5;10;Finished;1.0;53;+1:06.171;4816407;1897000;2473000;1814000;1;24.214;24.214
McLaren;825;Kevin Magnussen;Danish;14;2014;15;Marina Bay Street Circuit;Marina Bay;Singapore;9;10;Finished;1.0;60;+1:02.230;7267025;3796000;3460000;3010000;3;28.7437;86.231
McLaren;18;Jenson Button;British;15;2014;22;Suzuka Circuit;Suzuka;Japan;8;5;Finished;10.0;44;+1:07.550;6770571;2250000;2688000;2357000;3;25.9453;77.836
McLaren;18;Jenson Button;British;16;2014;71;Sochi Autodrom;Sochi;Russia;4;4;Finished;12.0;53;+30.234;5540978;2900000;2721000;2461000;1;29.994;29.994
McLaren;825;Kevin Magnussen;Danish;16;2014;71;Sochi Autodrom;Sochi;Russia;11;5;Finished;10.0;53;+53.616;5564360;3075000;2362000;2969000;1;29.736;29.736
McLaren;825;Kevin Magnussen;Danish;17;2014;69;Circuit of the Americas;Austin;USA;7;8;Finished;4.0;56;+1:40.682;6105467;2837000;2327000;2926000;2;25.689;51.378
McLaren;18;Jenson Button;British;18;2014;18;Autódromo José Carlos Pace;São Paulo;Brazil;5;4;Finished;12.0;71;+48.658;5451213;757000;787000;1530000;3;23.007;69.021
McLaren;825;Kevin Magnussen;Danish;18;2014;18;Autódromo José Carlos Pace;São Paulo;Brazil;7;9;Finished;2.0;71;+1:10.085;5472640;794000;871000;1569000;3;23.794;71.382
McLaren;18;Jenson Button;British;19;2014;24;Yas Marina Circuit;Abu Dhabi;UAE;6;5;Finished;20.0;55;+1:00.334;6002953;2657000;3335000;3424000;2;22.3345;44.669
McLaren;825;Kevin Magnussen;Danish;19;2014;24;Yas Marina Circuit;Abu Dhabi;UAE;9;11;Finished;0.0;55;+1:30.376;6032995;2624000;2718000;;2;21.855;43.71
McLaren;18;Jenson Button;British;6;2015;6;Circuit de Monaco;Monte-Carlo;Monaco;10;8;Finished;4.0;78;+16.063;6574483;1512000;1113000;;2;24.8615;49.723
McLaren;4;Fernando Alonso;Spanish;10;2015;11;Hungaroring;Budapest;Hungary;15;5;Finished;10.0;69;+49.079;6419064;2003000;;;5;20.1408;100.704
McLaren;18;Jenson Button;British;10;2015;11;Hungaroring;Budapest;Hungary;16;9;Finished;2.0;69;+1:07.028;6437013;2179000;;;4;19.2777;77.111
McLaren;18;Jenson Button;British;15;2015;71;Sochi Autodrom;Sochi;Russia;13;9;Finished;2.0;53;+1:19.467;5910491;3079000;3103000;;1;29.719;29.719
McLaren;4;Fernando Alonso;Spanish;15;2015;71;Sochi Autodrom;Sochi;Russia;19;11;Finished;0.0;53;+1:31.210;5922234;2544000;;;1;29.539;29.539
McLaren;18;Jenson Button;British;16;2015;69;Circuit of the Americas;Austin;USA;11;6;Finished;8.0;56;+28.058;6680761;261000;253000;;3;25.6123;76.837
McLaren;4;Fernando Alonso;Spanish;16;2015;69;Circuit of the Americas;Austin;USA;9;11;Finished;0.0;56;+54.816;6707519;4244000;265000;;3;27.341;82.023
McLaren;18;Jenson Button;British;17;2015;32;Autódromo Hermanos Rodríguez;Mexico City;Mexico;20;14;Finished;0.0;71;+49.214;6204252;;;;2;23.187;46.374
McLaren;4;Fernando Alonso;Spanish;3;2016;17;Shanghai International Circuit;Shanghai;China;11;12;Finished;0.0;56;+1:37.253;6031144;2731000;3106000;;2;22.9005;45.801
McLaren;18;Jenson Button;British;3;2016;17;Shanghai International Circuit;Shanghai;China;12;13;Finished;0.0;56;+1:41.990;6035881;2813000;2433000;;3;23.2037;69.611
McLaren;4;Fernando Alonso;Spanish;6;2016;6;Circuit de Monaco;Monte-Carlo;Monaco;9;5;Finished;10.0;78;+1:25.076;7254209;1404000;1007000;1263000;2;26.174;52.348
McLaren;18;Jenson Button;British;8;2016;73;Baku City Circuit;Baku;Azerbaijan;19;11;Finished;0.0;51;+1:44.817;5677183;3504000;;;2;20.4125;40.825
McLaren;18;Jenson Button;British;9;2016;70;Red Bull Ring;Spielberg;Austria;3;6;Finished;8.0;71;+37.706;5295813;1073000;992000;1440000;4;20.5413;82.165
McLaren;4;Fernando Alonso;Spanish;13;2016;13;Circuit de Spa-Francorchamps;Spa;Belgium;22;7;Finished;6.0;44;+59.445;6350503;;;;1;22.451;22.451
McLaren;4;Fernando Alonso;Spanish;15;2016;15;Marina Bay Street Circuit;Marina Bay;Singapore;9;7;Finished;6.0;61;+1:29.198;7038148;3073000;3293000;3193000;3;28.1437;84.431
McLaren;4;Fernando Alonso;Spanish;16;2016;2;Sepang International Circuit;Kuala Lumpur;Malaysia;22;7;Finished;6.0;56;+1:05.205;5897981;2375000;;;3;24.392;73.176
McLaren;18;Jenson Button;British;16;2016;2;Sepang International Circuit;Kuala Lumpur;Malaysia;9;9;Finished;2.0;56;+1:21.816;5914592;2367000;2471000;2558000;2;24.6915;49.383
McLaren;4;Fernando Alonso;Spanish;18;2016;69;Circuit of the Americas;Austin;USA;12;5;Finished;10.0;56;+1:33.953;5986571;3133000;2637000;;2;24.4915;48.983
McLaren;4;Fernando Alonso;Spanish;20;2016;18;Autódromo José Carlos Pace;São Paulo;Brazil;10;10;Finished;1.0;71;+44.432;10905767;1420000;1032000;986000;1;24.821;24.821
McLaren;18;Jenson Button;British;20;2016;18;Autódromo José Carlos Pace;São Paulo;Brazil;17;16;Finished;0.0;71;+1:21.994;10943329;1056000;;;3;24.6507;73.952
McLaren;4;Fernando Alonso;Spanish;21;2016;24;Yas Marina Circuit;Abu Dhabi;UAE;9;10;Finished;1.0;55;+59.896;5943909;3076000;2504000;2566000;2;22.338;44.676
McLaren;4;Fernando Alonso;Spanish;8;2017;73;Baku City Circuit;Baku;Azerbaijan;19;9;Finished;2.0;51;+59.551;7495124;2974000;;;2;18.1605;36.321
McLaren;838;Stoffel Vandoorne;Belgian;8;2017;73;Baku City Circuit;Baku;Azerbaijan;18;12;Finished;0.0;51;+1:32.160;7527733;2730000;;;3;18.9887;56.966
McLaren;4;Fernando Alonso;Spanish;11;2017;11;Hungaroring;Budapest;Hungary;7;6;Finished;8.0;70;+1:11.223;6057936;1475000;1939000;1569000;1;22.399;22.399
McLaren;838;Stoffel Vandoorne;Belgian;12;2017;13;Circuit de Spa-Francorchamps;Spa;Belgium;20;14;Finished;0.0;44;+57.078;5139898;3141000;;;2;26.5405;53.081
McLaren;838;Stoffel Vandoorne;Belgian;14;2017;15;Marina Bay Street Circuit;Marina Bay;Singapore;9;7;Finished;6.0;58;+30.388;7433932;2742000;2687000;2858000;5;29.8348;149.174
McLaren;4;Fernando Alonso;Spanish;19;2017;18;Autódromo José Carlos Pace;São Paulo;Brazil;6;8;Finished;4.0;71;+1:09.363;5555625;772000;1133000;1157000;4;19.3287;77.315
McLaren;4;Fernando Alonso;Spanish;1;2018;1;Albert Park Grand Prix Circuit;Melbourne;Australia;10;5;Finished;10.0;58;+27.886;5401169;1977000;2072000;;1;22.573;22.573
McLaren;838;Stoffel Vandoorne;Belgian;1;2018;1;Albert Park Grand Prix Circuit;Melbourne;Australia;11;9;Finished;2.0;58;+34.921;5408204;1513000;2233000;;1;22.474;22.474
McLaren;4;Fernando Alonso;Spanish;3;2018;17;Shanghai International Circuit;Shanghai;China;13;7;Finished;6.0;56;+30.639;5767019;2408000;2212000;;1;24.11;24.11
McLaren;838;Stoffel Vandoorne;Belgian;3;2018;17;Shanghai International Circuit;Shanghai;China;14;13;Finished;0.0;56;+49.373;5785753;2804000;2485000;;1;23.73;23.73
McLaren;4;Fernando Alonso;Spanish;4;2018;73;Baku City Circuit;Baku;Azerbaijan;12;7;Finished;6.0;51;+10.931;6235222;2650000;2659000;;2;39.0405;78.081
McLaren;838;Stoffel Vandoorne;Belgian;4;2018;73;Baku City Circuit;Baku;Azerbaijan;16;9;Finished;2.0;51;+14.152;6238443;3129000;;;4;20.932;83.728
McLaren;4;Fernando Alonso;Spanish;10;2018;9;Silverstone Circuit;Silverstone;UK;13;8;Finished;4.0;52;+31.115;5280899;1867000;1819000;;2;28.377;56.754
McLaren;838;Stoffel Vandoorne;Belgian;10;2018;9;Silverstone Circuit;Silverstone;UK;17;11;Finished;0.0;52;+35.774;5285558;1836000;;;2;28.471;56.942
McLaren;838;Stoffel Vandoorne;Belgian;11;2018;10;Hockenheimring;Hockenheim;Germany;19;13;Finished;0.0;67;+46.617;5596462;1241000;;;2;19.6995;39.399
McLaren;4;Fernando Alonso;Spanish;15;2018;15;Marina Bay Street Circuit;Marina Bay;Singapore;11;7;Finished;6.0;61;+1:43.001;6774612;2362000;2921000;;1;29.922;29.922
McLaren;846;Lando Norris;British;2;2019;3;Bahrain International Circuit;Sakhir;Bahrain;9;6;Finished;8.0;57;+45.754;5707049;2121000;1998000;1783000;2;24.446;48.892
McLaren;832;Carlos Sainz;Spanish;4;2019;73;Baku City Circuit;Baku;Azerbaijan;9;7;Finished;6.0;51;+1:23.826;5596768;3396000;2918000;;1;19.755;19.755
McLaren;846;Lando Norris;British;4;2019;73;Baku City Circuit;Baku;Azerbaijan;7;8;Finished;4.0;51;+1:40.268;5613210;2891000;2604000;3346000;2;20.9495;41.899
McLaren;832;Carlos Sainz;Spanish;5;2019;4;Circuit de Barcelona-Catalunya;Montmeló;Spain;12;8;Finished;4.0;66;+32.342;5782785;1780000;1619000;;2;21.5065;43.013
McLaren;832;Carlos Sainz;Spanish;6;2019;6;Circuit de Monaco;Monte-Carlo;Monaco;9;6;Finished;8.0;78;+53.454;6261891;1532000;1268000;1077000;1;23.795;23.795
McLaren;846;Lando Norris;British;6;2019;6;Circuit de Monaco;Monte-Carlo;Monaco;12;11;Finished;0.0;78;+1:06.801;6275238;1505000;1384000;;1;25.026;25.026
McLaren;832;Carlos Sainz;Spanish;8;2019;34;Circuit Paul Ricard;Le Castellet;France;6;6;Finished;8.0;53;+1:35.462;5166660;1933000;2119000;2262000;1;29.92;29.92
McLaren;832;Carlos Sainz;Spanish;10;2019;9;Silverstone Circuit;Silverstone;UK;13;6;Finished;8.0;52;+53.639;4922091;1763000;2138000;;1;27.98;27.98
McLaren;846;Lando Norris;British;10;2019;9;Silverstone Circuit;Silverstone;UK;8;11;Finished;0.0;52;+1:14.281;4942733;1639000;1945000;1784000;2;28.097;56.194
McLaren;832;Carlos Sainz;Spanish;11;2019;10;Hockenheimring;Hockenheim;Germany;7;5;Finished;10.0;64;+9.583;6280858;1001000;1352000;1617000;3;21.346;64.038
McLaren;846;Lando Norris;British;15;2019;15;Marina Bay Street Circuit;Marina Bay;Singapore;9;7;Finished;6.0;61;+14.769;7128436;2886000;2792000;2609000;1;30.397;30.397
McLaren;832;Carlos Sainz;Spanish;15;2019;15;Marina Bay Street Circuit;Marina Bay;Singapore;7;12;Finished;0.0;61;+35.974;7149641;3162000;3202000;3038000;1;30.623;30.623
McLaren;832;Carlos Sainz;Spanish;16;2019;71;Sochi Autodrom;Sochi;Russia;5;6;Finished;8.0;53;+45.889;5664881;2224000;2787000;2202000;1;30.103;30.103
McLaren;846;Lando Norris;British;16;2019;71;Sochi Autodrom;Sochi;Russia;7;8;Finished;4.0;53;+57.749;5676741;2241000;2705000;2281000;1;29.29;29.29
McLaren;832;Carlos Sainz;Spanish;17;2019;22;Suzuka Circuit;Suzuka;Japan;7;5;Finished;10.0;52;+1:09.101;4975856;1758000;2257000;1984000;1;23.476;23.476
McLaren;846;Lando Norris;British;19;2019;69;Circuit of the Americas;Austin;USA;8;7;Finished;6.0;56;+1:30.764;5726417;2333000;2296000;2155000;2;25.227;50.454
McLaren;832;Carlos Sainz;Spanish;20;2019;18;Autódromo José Carlos Pace;São Paulo;Brazil;20;3;Finished;15.0;71;+8.896;5603574;;;;1;22.77;22.77
McLaren;846;Lando Norris;British;20;2019;18;Autódromo José Carlos Pace;São Paulo;Brazil;10;8;Finished;4.0;71;+11.204;5605882;1371000;1348000;;2;23.368;46.736
McLaren;846;Lando Norris;British;1;2020;70;Red Bull Ring;Spielberg;Austria;3;3;Finished;16.0;71;+5.491;5461230;846000;999000;806000;3;21.2403;63.721
McLaren;832;Carlos Sainz;Spanish;1;2020;70;Red Bull Ring;Spielberg;Austria;8;5;Finished;10.0;71;+8.903;5464642;777000;1151000;1151000;3;21.8987;65.696
McLaren;846;Lando Norris;British;2;2020;70;Red Bull Ring;Spielberg;Austria;9;5;Finished;10.0;71;+1:01.470;5032153;1584000;1528000;2125000;1;22.406;22.406
McLaren;846;Lando Norris;British;4;2020;9;Silverstone Circuit;Silverstone;UK;5;5;Finished;10.0;52;+22.277;5303560;2415000;1980000;2282000;1;30.289;30.289
McLaren;832;Carlos Sainz;Spanish;4;2020;9;Silverstone Circuit;Silverstone;UK;7;13;Finished;0.0;52;+53.370;5334653;2275000;1709000;2465000;2;32.3825;64.765
McLaren;846;Lando Norris;British;5;2020;9;Silverstone Circuit;Silverstone;UK;10;9;Finished;2.0;52;+1:05.544;4847537;1837000;2445000;2338000;2;28.4115;56.823
McLaren;832;Carlos Sainz;Spanish;5;2020;9;Silverstone Circuit;Silverstone;UK;12;13;Finished;0.0;52;+1:14.070;4856063;2070000;1703000;;2;32.318;64.636
McLaren;846;Lando Norris;British;7;2020;13;Circuit de Spa-Francorchamps;Spa;Belgium;10;7;Finished;6.0;44;+43.774;5092535;3094000;3242000;3177000;1;23.046;23.046
McLaren;832;Carlos Sainz;Spanish;8;2020;14;Autodromo Nazionale di Monza;Monza;Italy;3;2;Finished;18.0;53;+0.415;6426471;1299000;1845000;1835000;1;24.398;24.398
McLaren;846;Lando Norris;British;8;2020;14;Autodromo Nazionale di Monza;Monza;Italy;6;4;Finished;12.0;53;+6.000;6432056;1544000;2102000;1960000;1;24.612;24.612
McLaren;846;Lando Norris;British;9;2020;76;Autodromo Internazionale del Mugello;Mugello;Italy;11;6;Finished;8.0;59;+18.883;8393943;1855000;1600000;;3;22.2673;66.802
McLaren;832;Carlos Sainz;Spanish;11;2020;20;Nürburgring;Nürburg;Germany;10;5;Finished;10.0;60;+21.905;5771546;1998000;1921000;2269000;2;22.572;45.144
McLaren;832;Carlos Sainz;Spanish;13;2020;21;Autodromo Enzo e Dino Ferrari;Imola;Italy;10;7;Finished;6.0;63;+20.230;5332660;1428000;927000;1751000;2;30.282;60.564
McLaren;846;Lando Norris;British;13;2020;21;Autodromo Enzo e Dino Ferrari;Imola;Italy;9;8;Finished;4.0;63;+21.131;5333561;1174000;951000;1654000;2;29.943;59.886
McLaren;832;Carlos Sainz;Spanish;14;2020;5;Istanbul Park;Istanbul;Turkey;15;5;Finished;10.0;58;+34.363;6173676;909000;3710000;;2;23.7235;47.447
McLaren;846;Lando Norris;British;14;2020;5;Istanbul Park;Istanbul;Turkey;14;8;Finished;5.0;58;+1:01.259;6200572;587000;4185000;;2;23.185;46.37
McLaren;846;Lando Norris;British;15;2020;3;Bahrain International Circuit;Sakhir;Bahrain;9;4;Finished;12.0;57;+11.337;10798852;2204000;2557000;2222000;2;24.6725;49.345
McLaren;832;Carlos Sainz;Spanish;15;2020;3;Bahrain International Circuit;Sakhir;Bahrain;15;5;Finished;10.0;57;+11.787;10799302;2655000;;;2;25.0065;50.013
McLaren;832;Carlos Sainz;Spanish;16;2020;3;Bahrain International Circuit;Sakhir;Bahrain;8;4;Finished;12.0;87;+12.580;5487694;3690000;3998000;3250000;2;24.5075;49.015
McLaren;846;Lando Norris;British;16;2020;3;Bahrain International Circuit;Sakhir;Bahrain;19;10;Finished;1.0;87;+19.541;5494655;3434000;3933000;;2;24.565;49.13
McLaren;846;Lando Norris;British;17;2020;24;Yas Marina Circuit;Abu Dhabi;UAE;4;5;Finished;10.0;55;+1:00.729;5849374;2176000;2949000;2597000;1;21.84;21.84
McLaren;832;Carlos Sainz;Spanish;17;2020;24;Yas Marina Circuit;Abu Dhabi;UAE;6;6;Finished;8.0;55;+1:05.662;5854307;2677000;2352000;2915000;1;22.14;22.14
McLaren;846;Lando Norris;British;1;2021;3;Bahrain International Circuit;Sakhir;Bahrain;7;4;Finished;12.0;56;+46.466;5570363;2702000;1899000;2714000;2;25.2695;50.539
McLaren;817;Daniel Ricciardo;Australian;1;2021;3;Bahrain International Circuit;Sakhir;Bahrain;6;7;Finished;6.0;56;+66.004;5589901;2595000;2022000;2667000;2;24.6715;49.343
McLaren;846;Lando Norris;British;2;2021;21;Autodromo Enzo e Dino Ferrari;Imola;Italy;7;3;Finished;15.0;63;+23.702;7378300;909000;1558000;1715000;1;30.654;30.654
McLaren;817;Daniel Ricciardo;Australian;2;2021;21;Autodromo Enzo e Dino Ferrari;Imola;Italy;6;6;Finished;8.0;63;+51.220;7405818;1569000;933000;1666000;1;34.34;34.34
McLaren;846;Lando Norris;British;3;2021;75;Autódromo Internacional do Algarve;Portimão;Portugal;7;5;Finished;10.0;66;+51.369;5722790;1874000;1561000;1256000;3;23.6367;70.91
McLaren;817;Daniel Ricciardo;Australian;3;2021;75;Autódromo Internacional do Algarve;Portimão;Portugal;16;9;Finished;2.0;66;+1:15.369;5746790;1979000;;;3;24.3197;72.959
McLaren;817;Daniel Ricciardo;Australian;4;2021;4;Circuit de Barcelona-Catalunya;Montmeló;Spain;7;6;Finished;8.0;66;+1:13.768;5661448;1344000;1739000;1642000;2;22.084;44.168
McLaren;846;Lando Norris;British;5;2021;6;Circuit de Monaco;Monte-Carlo;Monaco;5;3;Finished;15.0;78;+19.427;5956247;981000;691000;1220000;1;23.874;23.874
McLaren;846;Lando Norris;British;6;2021;73;Baku City Circuit;Baku;Azerbaijan;9;5;Finished;10.0;51;+4.754;8021164;2687000;3273000;3207000;2;18.1995;36.399
McLaren;817;Daniel Ricciardo;Australian;6;2021;73;Baku City Circuit;Baku;Azerbaijan;13;9;Finished;2.0;51;+8.874;8025284;2824000;3078000;;2;17.538;35.076
McLaren;846;Lando Norris;British;7;2021;34;Circuit Paul Ricard;Le Castellet;France;8;5;Finished;10.0;53;+1:04.032;5309802;2593000;2402000;2112000;1;30.531;30.531
McLaren;817;Daniel Ricciardo;Australian;7;2021;34;Circuit Paul Ricard;Le Castellet;France;10;6;Finished;8.0;53;+1:15.857;5321627;2101000;2475000;2242000;1;29.951;29.951
McLaren;846;Lando Norris;British;9;2021;70;Red Bull Ring;Spielberg;Austria;2;3;Finished;15.0;71;+20.019;5054562;585000;655000;948000;1;26.474;26.474
McLaren;817;Daniel Ricciardo;Australian;9;2021;70;Red Bull Ring;Spielberg;Austria;13;7;Finished;6.0;71;+1:00.395;5094938;1217000;959000;;1;21.151;21.151
McLaren;846;Lando Norris;British;10;2021;9;Silverstone Circuit;Silverstone;UK;5;4;Finished;12.0;52;+28.573;7131857;2064000;1840000;2457000;1;31.706;31.706
McLaren;817;Daniel Ricciardo;Australian;10;2021;9;Silverstone Circuit;Silverstone;UK;6;5;Finished;10.0;52;+42.624;7145908;1943000;1745000;2459000;1;28.817;28.817
McLaren;817;Daniel Ricciardo;Australian;14;2021;14;Autodromo Nazionale di Monza;Monza;Italy;2;1;Finished;26.0;53;1:21:54.365;4914365;1552000;1635000;2135000;1;23.812;23.812
McLaren;846;Lando Norris;British;14;2021;14;Autodromo Nazionale di Monza;Monza;Italy;3;2;Finished;18.0;53;+1.747;4916112;2116000;1259000;2129000;1;24.168;24.168
McLaren;817;Daniel Ricciardo;Australian;15;2021;71;Sochi Autodrom;Sochi;Russia;5;4;Finished;12.0;53;+1:05.607;5506608;3225000;3121000;2796000;2;32.3165;64.633
McLaren;846;Lando Norris;British;15;2021;71;Sochi Autodrom;Sochi;Russia;1;7;Finished;7.0;53;+1:27.224;5528225;3058000;3527000;3453000;2;31.247;62.494
McLaren;846;Lando Norris;British;16;2021;5;Istanbul Park;Istanbul;Turkey;7;7;Finished;6.0;58;+47.213;5511316;1638000;2082000;2334000;1;23.239;23.239
McLaren;817;Daniel Ricciardo;Australian;17;2021;69;Circuit of the Americas;Austin;USA;6;5;Finished;10.0;56;+1:16.854;5753406;2447000;2683000;2788000;2;24.106;48.212
McLaren;846;Lando Norris;British;17;2021;69;Circuit of the Americas;Austin;USA;7;8;Finished;4.0;56;+1:24.395;5760947;2591000;2860000;2867000;2;24.9665;49.933
McLaren;846;Lando Norris;British;21;2021;77;Jeddah Corniche Circuit;Jeddah;Saudi Arabia;7;10;Finished;1.0;50;+1:01.358;7636476;2018000;2024000;1860000;1;20.973;20.973
McLaren;846;Lando Norris;British;22;2021;24;Yas Marina Circuit;Abu Dhabi;UAE;3;7;Finished;6.0;58;+59.200;5476545;1933000;1636000;2251000;2;21.7765;43.553
McLaren;817;Daniel Ricciardo;Australian;1;2022;3;Bahrain International Circuit;Sakhir;Bahrain;18;14;Finished;0.0;57;+54.975;5908559;2865000;;;3;24.9797;74.939
McLaren;846;Lando Norris;British;1;2022;3;Bahrain International Circuit;Sakhir;Bahrain;13;15;Finished;0.0;57;+56.335;5909919;2159000;1928000;;3;25.6367;76.91
McLaren;846;Lando Norris;British;2;2022;77;Jeddah Corniche Circuit;Jeddah;Saudi Arabia;11;7;Finished;6.0;50;+56.124;5115417;2697000;2391000;;1;20.383;20.383
McLaren;846;Lando Norris;British;3;2022;1;Albert Park Grand Prix Circuit;Melbourne;Australia;4;5;Finished;10.0;58;+53.303;5319851;1420000;1206000;1783000;1;17.556;17.556
McLaren;817;Daniel Ricciardo;Australian;3;2022;1;Albert Park Grand Prix Circuit;Melbourne;Australia;7;6;Finished;8.0;58;+53.737;5320285;1805000;1270000;1172000;1;18.15;18.15
McLaren;846;Lando Norris;British;4;2022;21;Autodromo Enzo e Dino Ferrari;Imola;Italy;5;3;Finished;15.0;63;+34.834;5562820;1368000;1434000;1871000;1;30.07;30.07
McLaren;817;Daniel Ricciardo;Australian;5;2022;79;Miami International Autodrome;Miami;USA;14;13;Finished;0.0;57;+40.902;5705160;2383000;2110000;;2;19.382;38.764
McLaren;846;Lando Norris;British;6;2022;4;Circuit de Barcelona-Catalunya;Montmeló;Spain;11;8;Finished;4.0;66;+1:23.235;5923710;2038000;1671000;;3;22.474;67.422
McLaren;846;Lando Norris;British;7;2022;6;Circuit de Monaco;Monte-Carlo;Monaco;5;6;Finished;9.0;64;+12.231;7002496;1647000;986000;1509000;3;24.7463;74.239
McLaren;817;Daniel Ricciardo;Australian;7;2022;6;Circuit de Monaco;Monte-Carlo;Monaco;14;13;Finished;0.0;64;+57.635;7047900;1118000;1684000;;1;26.056;26.056
McLaren;817;Daniel Ricciardo;Australian;8;2022;73;Baku City Circuit;Baku;Azerbaijan;12;8;Finished;4.0;51;+1:32.207;5738148;3077000;3154000;;1;21.794;21.794
McLaren;846;Lando Norris;British;8;2022;73;Baku City Circuit;Baku;Azerbaijan;11;9;Finished;2.0;51;+1:32.556;5738497;2877000;2978000;;1;21.443;21.443
McLaren;817;Daniel Ricciardo;Australian;9;2022;7;Circuit Gilles Villeneuve;Montreal;Canada;9;11;Finished;0.0;70;+43.047;5824804;2616000;1935000;2129000;2;26.385;52.77
McLaren;846;Lando Norris;British;9;2022;7;Circuit Gilles Villeneuve;Montreal;Canada;14;15;Finished;0.0;70;+52.145;5833902;2106000;;;2;33.583;67.166
McLaren;846;Lando Norris;British;10;2022;9;Silverstone Circuit;Silverstone;UK;6;6;Finished;8.0;52;+11.943;8282254;2975000;3281000;2604000;2;28.803;57.606
McLaren;817;Daniel Ricciardo;Australian;10;2022;9;Silverstone Circuit;Silverstone;UK;14;13;Finished;0.0;52;+32.817;8303128;3393000;2995000;;3;30.0687;90.206
McLaren;846;Lando Norris;British;12;2022;34;Circuit Paul Ricard;Le Castellet;France;5;7;Finished;6.0;53;+52.026;5454138;2592000;2697000;1952000;1;37.539;37.539
McLaren;817;Daniel Ricciardo;Australian;12;2022;34;Circuit Paul Ricard;Le Castellet;France;9;9;Finished;2.0;53;+1:00.372;5462484;2384000;2842000;;1;36.264;36.264
McLaren;846;Lando Norris;British;13;2022;11;Hungaroring;Budapest;Hungary;4;7;Finished;6.0;70;+1:18.300;6054212;1733000;1201000;1789000;2;22.711;45.422
McLaren;846;Lando Norris;British;14;2022;13;Circuit de Spa-Francorchamps;Spa;Belgium;17;12;Finished;0.0;44;+1:44.739;5257633;3445000;3303000;2938000;2;23.298;46.596
McLaren;817;Daniel Ricciardo;Australian;14;2022;13;Circuit de Spa-Francorchamps;Spa;Belgium;7;15;Finished;0.0;44;+1:47.163;5260057;2972000;3467000;;2;23.1155;46.231
McLaren;846;Lando Norris;British;15;2022;39;Circuit Park Zandvoort;Zandvoort;Netherlands;7;7;Finished;6.0;72;+19.306;5822079;1216000;776000;834000;3;20.5613;61.684
McLaren;817;Daniel Ricciardo;Australian;15;2022;39;Circuit Park Zandvoort;Zandvoort;Netherlands;17;17;Finished;0.0;72;+37.764;5840537;801000;;;5;18.7238;93.619
McLaren;846;Lando Norris;British;16;2022;14;Autodromo Nazionale di Monza;Monza;Italy;3;7;Finished;6.0;53;+6.207;4833718;1450000;2091000;1844000;2;25.749;51.498
McLaren;846;Lando Norris;British;17;2022;15;Marina Bay Street Circuit;Marina Bay;Singapore;6;4;Finished;12.0;59;+21.133;7361371;4214000;4122000;3584000;1;30.528;30.528
McLaren;817;Daniel Ricciardo;Australian;17;2022;15;Marina Bay Street Circuit;Marina Bay;Singapore;16;5;Finished;10.0;59;+53.282;7393520;3586000;;;1;30.946;30.946
McLaren;846;Lando Norris;British;18;2022;22;Suzuka Circuit;Suzuka;Japan;10;10;Finished;1.0;28;+1:10.782;10974786;2681000;2273000;1863000;1;24.595;24.595
McLaren;817;Daniel Ricciardo;Australian;18;2022;22;Suzuka Circuit;Suzuka;Japan;11;11;Finished;0.0;28;+1:12.877;10976881;2680000;2459000;;1;25.377;25.377
McLaren;846;Lando Norris;British;19;2022;69;Circuit of the Americas;Austin;USA;6;6;Finished;8.0;56;+53.785;6185472;2625000;2501000;2790000;2;23.864;47.728
McLaren;817;Daniel Ricciardo;Australian;19;2022;69;Circuit of the Americas;Austin;USA;15;16;Finished;0.0;56;+1:30.487;6222174;2266000;;;2;25.321;50.642
McLaren;846;Lando Norris;British;22;2022;24;Yas Marina Circuit;Abu Dhabi;UAE;7;6;Finished;9.0;58;+56.234;5322148;1887000;2343000;2209000;2;21.8965;43.793
McLaren;817;Daniel Ricciardo;Australian;22;2022;24;Yas Marina Circuit;Abu Dhabi;UAE;13;9;Finished;2.0;58;+1:23.268;5349182;2266000;1568000;1545000;1;21.893;21.893
McLaren;857;Oscar Piastri;Australian;2;2023;77;Jeddah Corniche Circuit;Jeddah;Saudi Arabia;8;15;Finished;0.0;50;+1:25.021;4959915;2446000;2118000;1983000;1;31.534;31.534
McLaren;846;Lando Norris;British;2;2023;77;Jeddah Corniche Circuit;Jeddah;Saudi Arabia;19;17;Finished;0.0;50;+1:26.445;4961339;2247000;;;2;25.398;50.796
McLaren;857;Oscar Piastri;Australian;3;2023;1;Albert Park Grand Prix Circuit;Melbourne;Australia;16;8;Finished;4.0;58;+5.382;9163753;1597000;;;1;19.442;19.442
McLaren;846;Lando Norris;British;4;2023;73;Baku City Circuit;Baku;Azerbaijan;7;9;Finished;2.0;51;+1:20.376;5642812;2674000;2945000;2741000;1;20.346;20.346
McLaren;857;Oscar Piastri;Australian;4;2023;73;Baku City Circuit;Baku;Azerbaijan;10;11;Finished;0.0;51;+1:26.501;5648937;2975000;3096000;3071000;1;20.902;20.902
McLaren;846;Lando Norris;British;5;2023;79;Miami International Autodrome;Miami;USA;16;17;Finished;0.0;57;+1:27.717;5345958;2074000;;;1;24.09;24.09
McLaren;857;Oscar Piastri;Australian;8;2023;7;Circuit Gilles Villeneuve;Montreal;Canada;8;11;Finished;0.0;70;+1:05.101;5703449;1510000;1799000;2209000;2;24.132;48.264
McLaren;846;Lando Norris;British;8;2023;7;Circuit Gilles Villeneuve;Montreal;Canada;7;13;Finished;0.0;70;+1:08.363;5706711;2258000;1487000;1726000;2;24.716;49.432
McLaren;846;Lando Norris;British;9;2023;70;Red Bull Ring;Spielberg;Austria;4;4;Finished;12.0;71;+26.327;5159934;917000;338000;898000;3;20.4847;61.454
McLaren;846;Lando Norris;British;10;2023;9;Silverstone Circuit;Silverstone;UK;2;2;Finished;18.0;52;+3.798;5120736;2597000;1722000;2521000;1;28.438;28.438
McLaren;857;Oscar Piastri;Australian;10;2023;9;Silverstone Circuit;Silverstone;UK;3;4;Finished;12.0;52;+7.776;5124714;2614000;2465000;1712000;1;28.655;28.655
McLaren;846;Lando Norris;British;11;2023;11;Hungaroring;Budapest;Hungary;3;2;Finished;18.0;70;+33.731;5922365;1777000;1348000;1654000;2;21.4855;42.971
McLaren;857;Oscar Piastri;Australian;11;2023;11;Hungaroring;Budapest;Hungary;4;5;Finished;10.0;70;+1:02.572;5951206;1544000;1591000;1865000;2;21.6005;43.201
McLaren;846;Lando Norris;British;12;2023;13;Circuit de Spa-Francorchamps;Spa;Belgium;7;7;Finished;6.0;44;+1:13.719;5024169;4521000;3372000;3489000;2;24.378;48.756
McLaren;846;Lando Norris;British;13;2023;39;Circuit Park Zandvoort;Zandvoort;Netherlands;2;7;Finished;6.0;72;+13.232;8657643;1536000;1909000;764000;5;24.7172;123.586
McLaren;857;Oscar Piastri;Australian;13;2023;39;Circuit Park Zandvoort;Zandvoort;Netherlands;8;9;Finished;2.0;72;+16.580;8660991;1491000;1532000;1598000;4;24.732;98.928
McLaren;846;Lando Norris;British;14;2023;14;Autodromo Nazionale di Monza;Monza;Italy;9;8;Finished;4.0;51;+45.449;4466592;2255000;1841000;2179000;1;23.727;23.727
McLaren;857;Oscar Piastri;Australian;14;2023;14;Autodromo Nazionale di Monza;Monza;Italy;7;12;Finished;0.0;51;+1:13.074;4494217;1426000;1787000;1985000;2;27.966;55.932
McLaren;846;Lando Norris;British;15;2023;15;Marina Bay Street Circuit;Marina Bay;Singapore;4;2;Finished;18.0;62;+0.812;6398230;2403000;2811000;2130000;1;29.485;29.485
McLaren;857;Oscar Piastri;Australian;15;2023;15;Marina Bay Street Circuit;Marina Bay;Singapore;17;7;Finished;6.0;62;+41.479;6438897;2822000;;;1;29.369;29.369
McLaren;846;Lando Norris;British;16;2023;22;Suzuka Circuit;Suzuka;Japan;3;2;Finished;18.0;53;+19.387;5477808;1863000;2096000;2233000;2;23.3525;46.705
McLaren;857;Oscar Piastri;Australian;16;2023;22;Suzuka Circuit;Suzuka;Japan;2;3;Finished;15.0;53;+36.494;5494915;2239000;1922000;2198000;2;23.8265;47.653
McLaren;857;Oscar Piastri;Australian;17;2023;78;Losail International Circuit;Al Daayen;Qatar;6;2;Finished;18.0;57;+4.833;5264001;1766000;2164000;1980000;3;28.0773;84.232
McLaren;846;Lando Norris;British;17;2023;78;Losail International Circuit;Al Daayen;Qatar;10;3;Finished;15.0;57;+5.969;5265137;1631000;2125000;;3;27.8073;83.422
McLaren;846;Lando Norris;British;18;2023;69;Circuit of the Americas;Austin;USA;2;2;Finished;18.0;56;+10.730;5732092;2210000;2541000;2893000;2;23.758;47.516
McLaren;846;Lando Norris;British;19;2023;32;Autódromo Hermanos Rodríguez;Mexico City;Mexico;17;5;Finished;10.0;71;+33.266;7384080;1814000;;;2;22.9855;45.971
McLaren;857;Oscar Piastri;Australian;19;2023;32;Autódromo Hermanos Rodríguez;Mexico City;Mexico;7;8;Finished;4.0;71;+43.104;7393918;1321000;1894000;1643000;1;23.734;23.734
McLaren;846;Lando Norris;British;20;2023;18;Autódromo José Carlos Pace;São Paulo;Brazil;6;2;Finished;19.0;71;+8.277;7017171;1223000;621000;1647000;3;22.2853;66.856
McLaren;857;Oscar Piastri;Australian;21;2023;80;Las Vegas Strip Street Circuit;Las Vegas;United States;18;10;Finished;2.0;50;+29.496;5377785;2890000;;;2;21.902;43.804
McLaren;846;Lando Norris;British;22;2023;24;Yas Marina Circuit;Abu Dhabi;UAE;5;5;Finished;10.0;58;+24.284;5246908;1808000;2300000;2196000;2;22.7465;45.493
McLaren;857;Oscar Piastri;Australian;22;2023;24;Yas Marina Circuit;Abu Dhabi;UAE;3;6;Finished;8.0;58;+31.487;5254111;1927000;1718000;2162000;2;21.4265;42.853
McLaren;846;Lando Norris;British;1;2024;3;Bahrain International Circuit;Sakhir;Bahrain;7;6;Finished;8.0;57;+48.458;5553200;1943000;2681000;2354000;2;24.455;48.91
McLaren;857;Oscar Piastri;Australian;1;2024;3;Bahrain International Circuit;Sakhir;Bahrain;8;8;Finished;4.0;57;+56.082;5560824;2331000;1922000;2423000;2;25.151;50.302
McLaren;857;Oscar Piastri;Australian;2;2024;77;Jeddah Corniche Circuit;Jeddah;Saudi Arabia;5;4;Finished;12.0;50;+32.007;4875280;2435000;2023000;1769000;1;21.427;21.427
McLaren;846;Lando Norris;British;2;2024;77;Jeddah Corniche Circuit;Jeddah;Saudi Arabia;6;8;Finished;4.0;50;+45.708;4888981;2485000;2159000;1812000;1;22.211;22.211
McLaren;846;Lando Norris;British;3;2024;1;Albert Park Grand Prix Circuit;Melbourne;Australia;3;3;Finished;15.0;58;+5.904;4832747;1450000;1710000;1275000;2;17.7145;35.429
McLaren;857;Oscar Piastri;Australian;3;2024;1;Albert Park Grand Prix Circuit;Melbourne;Australia;5;4;Finished;12.0;58;+35.770;4862613;1389000;1561000;1532000;2;18.053;36.106
McLaren;846;Lando Norris;British;4;2024;22;Suzuka Circuit;Suzuka;Japan;3;5;Finished;10.0;53;+29.700;6893266;2276000;2620000;2169000;2;23.1405;46.281
McLaren;857;Oscar Piastri;Australian;4;2024;22;Suzuka Circuit;Suzuka;Japan;6;8;Finished;4.0;53;+47.525;6911091;2165000;1888000;2440000;2;23.134;46.268
McLaren;846;Lando Norris;British;5;2024;17;Shanghai International Circuit;Shanghai;China;4;2;Finished;18.0;56;+13.773;6066327;2882000;2500000;2205000;1;22.161;22.161
McLaren;857;Oscar Piastri;Australian;5;2024;17;Shanghai International Circuit;Shanghai;China;5;8;Finished;4.0;56;+56.198;6108752;2114000;2699000;2313000;2;22.4675;44.935
McLaren;846;Lando Norris;British;6;2024;79;Miami International Autodrome;Miami;USA;5;1;Finished;25.0;57;1:30:49.876;5449876;2533000;2491000;2214000;1;22.041;22.041
McLaren;857;Oscar Piastri;Australian;6;2024;79;Miami International Autodrome;Miami;USA;6;13;Finished;0.0;57;+49.756;5499632;1712000;2341000;2295000;2;26.3125;52.625
McLaren;846;Lando Norris;British;7;2024;21;Autodromo Enzo e Dino Ferrari;Imola;Italy;2;2;Finished;18.0;63;+0.725;5125977;1815000;1271000;1677000;1;29.956;29.956
McLaren;857;Oscar Piastri;Australian;7;2024;21;Autodromo Enzo e Dino Ferrari;Imola;Italy;5;4;Finished;12.0;63;+14.132;5139384;1840000;1307000;1660000;1;29.77;29.77
McLaren;846;Lando Norris;British;9;2024;7;Circuit Gilles Villeneuve;Montreal;Canada;3;2;Finished;18.0;70;+3.879;6351806;1679000;921000;741000;2;23.703;47.406
McLaren;857;Oscar Piastri;Australian;9;2024;7;Circuit Gilles Villeneuve;Montreal;Canada;4;5;Finished;10.0;70;+10.199;6358126;1627000;1182000;823000;2;23.7265;47.453
McLaren;846;Lando Norris;British;10;2024;4;Circuit de Barcelona-Catalunya;Montmeló;Spain;1;2;Finished;19.0;66;+2.219;5302446;1106000;1532000;1043000;2;22.1245;44.249
McLaren;857;Oscar Piastri;Australian;10;2024;4;Circuit de Barcelona-Catalunya;Montmeló;Spain;9;7;Finished;6.0;66;+33.760;5333987;1180000;731000;;2;22.322;44.644
McLaren;857;Oscar Piastri;Australian;11;2024;70;Red Bull Ring;Spielberg;Austria;7;2;Finished;18.0;71;+1.906;5064704;611000;370000;348000;2;20.8765;41.753
McLaren;846;Lando Norris;British;12;2024;9;Silverstone Circuit;Silverstone;UK;3;3;Finished;15.0;52;+7.547;4954606;2456000;2119000;1590000;2;29.524;59.048
McLaren;857;Oscar Piastri;Australian;12;2024;9;Silverstone Circuit;Silverstone;UK;5;4;Finished;12.0;52;+12.429;4959488;2695000;2293000;1797000;2;29.3705;58.741
McLaren;857;Oscar Piastri;Australian;13;2024;11;Hungaroring;Budapest;Hungary;2;1;Finished;25.0;70;1:38:01.989;5881989;1524000;1685000;1149000;2;21.732;43.464
McLaren;846;Lando Norris;British;13;2024;11;Hungaroring;Budapest;Hungary;1;2;Finished;18.0;70;+2.141;5884130;1775000;1440000;1127000;2;21.555;43.11
McLaren;857;Oscar Piastri;Australian;14;2024;13;Circuit de Spa-Francorchamps;Spa;Belgium;5;2;Finished;18.0;44;+1.173;1699;4075000;3376000;3267000;2;23.374;46.748
McLaren;846;Lando Norris;British;14;2024;13;Circuit de Spa-Francorchamps;Spa;Belgium;4;5;Finished;10.0;44;+9.850;10376;3882000;3598000;4161000;2;22.646;45.292
McLaren;846;Lando Norris;British;15;2024;39;Circuit Park Zandvoort;Zandvoort;Netherlands;1;1;Finished;26.0;72;1:30:45.519;5445519;1037000;1096000;1213000;1;21.536;21.536
McLaren;857;Oscar Piastri;Australian;15;2024;39;Circuit Park Zandvoort;Zandvoort;Netherlands;3;4;Finished;12.0;72;+27.337;5472856;1201000;1105000;772000;1;20.969;20.969
McLaren;857;Oscar Piastri;Australian;16;2024;14;Autodromo Nazionale di Monza;Monza;Italy;2;2;Finished;18.0;53;+2.664;4483391;1276000;1948000;1576000;2;24.2315;48.463
McLaren;846;Lando Norris;British;16;2024;14;Autodromo Nazionale di Monza;Monza;Italy;1;3;Finished;16.0;53;+6.153;4486880;2051000;1867000;1467000;2;24.5195;49.039
McLaren;857;Oscar Piastri;Australian;17;2024;73;Baku City Circuit;Baku;Azerbaijan;2;1;Finished;25.0;51;1:32:58.007;5578007;2613000;3118000;3146000;1;20.181;20.181
McLaren;846;Lando Norris;British;17;2024;73;Baku City Circuit;Baku;Azerbaijan;15;4;Finished;13.0;51;+36.143;5614150;3189000;;;1;19.712;19.712
McLaren;846;Lando Norris;British;18;2024;15;Marina Bay Street Circuit;Marina Bay;Singapore;1;1;Finished;25.0;62;1:40:52.571;6052571;1802000;1807000;2265000;1;29.091;29.091
McLaren;857;Oscar Piastri;Australian;18;2024;15;Marina Bay Street Circuit;Marina Bay;Singapore;5;3;Finished;15.0;62;+41.823;6094394;2058000;2380000;2693000;1;29.152;29.152
McLaren;846;Lando Norris;British;19;2024;69;Circuit of the Americas;Austin;USA;1;4;Finished;12.0;56;+20.354;5729993;2596000;2771000;2250000;1;23.731;23.731
McLaren;857;Oscar Piastri;Australian;19;2024;69;Circuit of the Americas;Austin;USA;5;5;Finished;10.0;56;+21.921;5731560;2844000;2037000;2870000;1;24.107;24.107
McLaren;846;Lando Norris;British;20;2024;32;Autódromo Hermanos Rodríguez;Mexico City;Mexico;3;2;Finished;18.0;71;+4.705;6060505;1465000;1261000;1220000;1;22.111;22.111
McLaren;857;Oscar Piastri;Australian;20;2024;32;Autódromo Hermanos Rodríguez;Mexico City;Mexico;17;8;Finished;4.0;71;+1:04.928;6120728;1617000;;;1;21.825;21.825
McLaren;846;Lando Norris;British;21;2024;18;Autódromo José Carlos Pace;São Paulo;Brazil;1;6;Finished;8.0;69;+31.372;7645802;2744000;2284000;1785000;1;24.764;24.764
McLaren;857;Oscar Piastri;Australian;21;2024;18;Autódromo José Carlos Pace;São Paulo;Brazil;8;8;Finished;4.0;69;+44.943;7659373;1914000;1679000;2126000;1;26.05;26.05
McLaren;846;Lando Norris;British;22;2024;80;Las Vegas Strip Street Circuit;Las Vegas;United States;6;6;Finished;9.0;50;+43.385;4969354;2572000;2079000;1988000;3;20.9737;62.921
McLaren;857;Oscar Piastri;Australian;22;2024;80;Las Vegas Strip Street Circuit;Las Vegas;United States;8;7;Finished;6.0;50;+51.365;4977334;2430000;2004000;2013000;2;24.407;48.814
McLaren;857;Oscar Piastri;Australian;23;2024;78;Losail International Circuit;Al Daayen;Qatar;4;3;Finished;15.0;57;+6.819;5472142;2081000;1381000;2029000;3;26.6703;80.011
McLaren;846;Lando Norris;British;23;2024;78;Losail International Circuit;Al Daayen;Qatar;3;10;Finished;2.0;57;+35.762;5501085;1838000;2183000;1972000;4;29.6077;118.431
McLaren;846;Lando Norris;British;24;2024;24;Yas Marina Circuit;Abu Dhabi;UAE;1;1;Finished;25.0;58;1:26:33.291;5193291;2062000;1478000;1915000;1;21.276;21.276
McLaren;857;Oscar Piastri;Australian;24;2024;24;Yas Marina Circuit;Abu Dhabi;UAE;2;10;Finished;1.0;58;+1:23.821;5277112;2020000;1579000;2124000;2;28.178;56.356
